id,name,username,email,phone,website,full_name
1,Leanne Graham,Bret,sincere@april.biz,1-770-736-8031 x56442,hildegard.org,Leanne Graham
2,Ervin Howell,Antonette,shanna@melissa.tv,010-692-6593 x09125,anastasia.net,Ervin Howell
3,Clementine Bauch,Samantha,nathan@yesenia.net,1-463-123-4447,ramiro.info,Clementine Bauch
4,Patricia Lebsack,Karianne,julianne.oconner@kory.org,493-170-9623 x156,kale.biz,Patricia Lebsack
5,Chelsey Dietrich,Kamren,lucio_hettinger@annie.ca,(254)954-1289,demarco.info,Chelsey Dietrich
6,Mrs. Dennis Schulist,Leopoldo_Corkery,karley_dach@jasper.info,1-477-935-8478 x6430,ola.org,Mrs. Dennis Schulist
7,Kurtis Weissnat,Elwyn.Skiles,telly.hoeger@billy.biz,210.067.6132,elvis.io,Kurtis Weissnat
8,Nicholas Runolfsdottir V,Maxime_Nienow,sherwood@rosamond.me,586.493.6943 x140,jacynthe.com,Nicholas Runolfsdottir V
9,Glenna Reichert,Delphine,chaim_mcdermott@dana.io,(775)976-6794 x41206,conrad.com,Glenna Reichert
10,Clementina DuBuque,Moriah.Stanton,rey.padberg@karina.biz,024-648-3804,ambrose.net,Clementina DuBuque
