user_id,name,username,email,city,company,website
1,Leanne Graham,Bret,Sincere@april.biz,Gwenborough,Romaguera-Crona,hildegard.org
2,Ervin Howell,Antonette,Shanna@melissa.tv,Wisokyburgh,Deckow-Crist,anastasia.net
3,Clementine Bauch,Samantha,Nathan@yesenia.net,McKenziehaven,Romaguera-Jacobson,ramiro.info
4,Patricia Lebsack,Karianne,Julianne.OConner@kory.org,South Elvis,Robel-Corkery,kale.biz
5,Chelsey Dietrich,Kamren,Lucio_Hettinger@annie.ca,Roscoeview,Keebler LLC,demarco.info
6,Mrs. Dennis Schulist,Leopoldo_Corkery,Karley_Dach@jasper.info,South Christy,Considine-Lockman,ola.org
7,Kurtis Weissnat,Elwyn.Skiles,Telly.Hoeger@billy.biz,Howemouth,Johns Group,elvis.io
8,Nicholas Runolfsdottir V,Maxime_Nienow,Sherwood@rosamond.me,Aliyaview,Abernathy Group,jacynthe.com
9,Glenna Reichert,Delphine,Chaim_McDermott@dana.io,Bartholomebury,Yost and Sons,conrad.com
10,Clementina DuBuque,Moriah.Stanton,Rey.Padberg@karina.biz,Lebsackbury,Hoeger LLC,ambrose.net
